Signed Contract,Updated Staffing Plan,Bay Door,Date of Install,Unit #,Test Center ID,Station Name,Address,City,Zip,County,Phone,Type,Dealer #,Primary Email,Secondary Email,Station Contact,Opus Comments,Follow Up Comments,Station Comments/Complaints
y,,,11/8/21,CT2100065,ST0000014,Gary Rome Kia,809 Enfield Street,Enfield,06082,Hartford,(860) 253-4753,OBD Plus,,ivy@garyromekia.com,,Jonathan Rivera - Mgr,,,
Y,3/25/2026,14',5/10/21,CT2100061,ST0000034,Bob Valenti Chevrolet - Olds,72 Jerry Brown Road,Mystic,06355,New London,(860) 536-4931,OBD Plus,,tomwalsh@bobvalentiautomall.com,,Tom Walsh - Svc Mgr,,,
Y,3/24/2026,,12/3/21,CT2100021,ST0000112,Brustolon Buick GMC,47 Stonington Road,Mystic,06355,New London,(860) 536-2626,Full Service,,dcasey@brustolon.com,,Dan Casey - Svc Mgr                     860-536-4931,,,
Y,,,11/26/21,CT2100098,ST0000132,Middletown Toyota Inc,580 Newfield Street,Middletown,06457,Middlesex,(860) 347-7294,OBD Plus,,fabba72@yahoo.com,,Frank Abbatemarco,,,
Y,6/15/2026,10',10/9/21,CT2100036,ST0000229,Hartford Toyota Superstore,135 West Service Road,Hartford,06120,Hartford,(860) 278-5411,OBD Plus,,service@hartfordtoyota.com,,"Chip Benyi - Director, Service & Parts  ",,,
y,,,10/29/21,CT2100183,ST0000326,Midas - Bloomfield,41 Tunxis Avenue,Bloomfield,06002,Hartford,(860) 243-9430,OBD Plus,,bloomfieldmidas@gmail.com,,Aaron Berube - Mgr/Inspector                 John Amatruda - Svc Mgr,,,
Y,3/25/2026,10',12/20/21,CT2100145,ST0000329,Firestone - Bloomfield,371 Cottage Grove Road,Bloomfield,06002,Hartford,(860) 243-8213,OBD Plus,R685,robertsjennifer@bfusa.com,szimmerman@bfrc.com,Andrew Bass - Sta Mgr,7/24/24 - received updated sta info,,
Y,3/12/2026,,11/1/21,CT2100008,ST0000359,Laurel Automotive,8 Herman Drive,Simsbury,06070,Hartford,(860) 658-7124,Full Service,,laurelauto@outlook.com,,John Brucker,,,
Y,2/4/2026,12',,CT2100054,ST0000434,Midas - Canton,66 Albany Turnpike,Canton,06019,Hartford,(860) 693-1721,OBD Plus,,midascanton@gmail.com,,Brad Voglesong - Sta Mgr,,,
Y,,,,CT2100102,ST0000493,Midas of Farmington,1361 Farmington Avenue,Farmington,06032,Hartford,(860) 676-0140,OBD Plus,,midasfarmington@gmail.com,gbrown8262@gmail.com,Greg Brown - Mgr                          Scott Macri - Asst Mgr,,,
Y,,,,CT2100097,ST0000520,Farmington Motor Sports Inc,146 Brickyard Road,Farmington,06032,Hartford,(860) 677-9074,OBD Plus,,fmsmarty@yahoo.com,,Martin Vibert - Sta Mgr,,,
y,3/25/2026,10',,CT2100010,ST0000525,Firestone - Glastonbury,139 Putnam Blvd,Glastonbury,06033,Hartford,(860) 633-4045,OBD Plus,L3363,jdean1994@gmail.com; robertsjennifer@bfusa.com,szimmerman@bfrc.com,Brian Mierez - Sta Mgr,,,
Y,2/6/2026,,,CT2100083,ST0000557,Kensington Auto Service LTD,89 Harding Street,Berlin,06037,Hartford,(860) 829-7377,OBD Plus,,kensingtonauto1@sbcglobal.net,kensingtonauto3@yahoo.com,Lenny & Justin Tubbs -owners,6/16/21 - Jack spoke with them and let them know what will be required of  them going forward.  If they comply they will be allowed to remain in the program,,
Y,3/25/2026,11',,CT2100015,ST0000616,Firestone - Manchester,1145 Tolland Turnpike,Manchester,06040,Hartford,(860) 646-1761,OBD Plus,R6361,robertsjennifer@bfusa.com,szimmerman@bfrc.com,Chris Coombs - Svc Mgr,,,
Y,3/26/2026,13',,CT2100108,ST0000697,Firestone - New Britain,55 Chestnut Street,New Britain,06051,Hartford,(860) 229-0348,OBD Plus,R6381,robertsjennifer@bfusa.com,szimmerman@bfrc.com,Ray Jones - Sta Mgr,,,
Y,,,,CT2100080,ST0000790,Farm Car Care Center Inc,11 Windermere Avenue,Vernon,06066,Tolland,(860) 875-3370,OBD Plus,,farmcarcare@gmail.com,baumer@sbcglobal.net,Vincent Pavelack or Michael,,,
Y,3/25/2026,10',,CT2100037,ST0000963,Firestone - Enfield,33 Palomba Drive,Enfield,06082,Hartford,(860) 265-4292,OBD Plus,R6390,robertsjennifer@bfusa.com,szimmerman@bfrc.com,Anthony Trotta - Sta Mgr,,,
Y,,10',,CT2100060,ST0000986,Suburban Tire and Auto Service,65 Freshwater Boulevard,Enfield,06082,Hartford,(860) 741-2204,OBD Plus,,suburbantireandauto@gmail.com,wilbrahamtire@live.com,Terry Beusee - Sta Mgr,,,
Y,,,,CT2100063,ST0001010,Small Town Auto Repair,8 Bridge Street,East Windsor,06088,Hartford,(860) 623-9700,OBD Plus,,small.town.auto.repair@gmail.com,,Michael Peabody - Sta Mgr,exterior paint needed,,
Y,3/13/2026,,,CT2100027,ST0001056,Scatas Auto and Truck Repairs Inc,535 Spring Street,Windsor Locks,06096,Hartford,(860) 623-0449,Full Service,,scatasweb@gmail.com,,"Joseph Scata, owner",,,
Y,,,,CT2100130,ST0001193,Herbs Auto Electric Inc,16 Tolland Street,East Hartford,06108,Hartford,(860) 289-5421,Full Service,,herbsautoelect@aol.com,,Thomas Ciarlo - Sta Mgr                                 Joe & Marie Tatsciore - owners,"2nd unit requested, needs DMV approval",,
Y,,,,CT2100079,ST0001216,Wethersfield Automotive LLC,404 Silas Deane Highway,Wethersfield,06109,Hartford,(860) 563-2651,OBD Plus,,wethersfieldauto@aol.com,,Shawn Derwin - Sta Mgr,,,
Y,,,,CT2100100,ST0001253,Midas of West Hartford,918 New Britain Avenue,West Hartford,06110,Hartford,(860) 953-0171,OBD Plus,R6558,midaswesthartford@gmail.com,westhartford.midas@fonseca-group.com,Juan Castro - Sta Mgr    Sonia Lorenzo - Asst Mgr,"9/10/24 - new ownership application received, no DNR license ",10/1/24 - DMV verified change of officers and ok to reinstate.  Eventually the current partnership will dissolve and new DNR license will be obtained,
Y,3/10/2026,10',,CT2100033,ST0001267,Mirabelli Automotive LLC,1816 Berlin Turnpike,Wethersfield,06109,Hartford,(860) 563-3445,Full Service,,vincec@mirabelliautomotive.com,johnd@mirabelliautomotive.com,Vincent Cocolla - Svc Mgr (860) 953-5029,limited parking,,
Y,3/4/2026,12',,CT2100101,ST0001284,Modern Tire and Auto Service,3455 Berlin Turnpike,Newington,06111,Hartford,(860) 666-2404,OBD Plus,,newington@moderntirect.com,mtireinc@netscape.net,Joseph Fiumara - Sta Mgr      Robert Amenta - owner,excessive cars in lot and emissions spots,,
Y,3/4/2026,12',,CT2100090,ST0001294,Modern Tire and Auto Service,898 Farmington Ave,Farmington,06032,Hartford,(860) 677-5454,OBD Plus,,farmington@moderntirect.com,mtireinc@netscape.net,Brian Holland - Sta Mgr,12/22/25 - unit moved to new bay  12/31/25 - passed DMV ATP,,
Y,,10',,CT2100039,ST0001299,B and S Automotive Inc,127 Meadow Street,Hartford,06114,Hartford,(860) 296-9290,OBD Plus,,bucc79@aol.com,,Frank Buccheri - owner,,,
Y,3/9/2026,10',,CT2100013,ST0001401,Nutmeg Auto Service Inc,3490 Main Street,Hartford,06120,Hartford,(860) 522-8724,OBD Plus,,gladue860@gmail.com,,Jay Johnson - Sta Mgr,"older garage, dated, dirty",,
Y,,,,CT2100041,ST0001423,Midas of Hartford,65 Weston Street,Hartford,06120,Hartford,(860) 246-4828,OBD Plus,,midasnorthhartford@gmail.com,,Juan Castro - Mgr                        Aaron Berube - Asst Mgr,,,
Y,,"9' 4""",,CT2100045,ST0001511,T and B Motor Sales and Service Inc,460 Storrs Road,Mansfield,06250,Tolland,(860) 423-1187,Full Service,,alex@tandbmotors.com,deanna@tandbmotors.com,Alex Sanchez - Towing Mgr,,,
1615,,12',,CT2100153,ST0001615,Firestone - New London,45 Truman Street,New London,06320,New London,(860) 443-4361,OBD Plus,R6369,young524.jy@gmail.com; robertsjennifer@bfusa.com,szimmerman@bfrc.com,Jon Young - Sta Mgr,,,
Y,3/26/2026,,,CT2100056,ST0001660,Midas Auto Service,170 Route 12,Groton,06340,New London,(860) 445-8129,OBD Plus,,midasgroton@gmail.com,,Candi Smith - Mgr,,,
Y,6/25/2026,14',,CT2100062,ST0001662,Meineke - Groton,266 Bridge Street,Groton,06340,New London,(860) 445-6743,OBD Plus,,dwick15490@aol.com,,Mark Winslow - owner             Larry Gormick - Mgr,,,
y,,10',,CT2100155,ST0001767,Firestone - Norwich,251 West Main Street,Norwich,06360,New London,(860) 889-9897,OBD Plus,R6391,dawnkutz@aol.com; dcalderon3091@yahoo.com; robertsjennifer@bfusa.com,szimmerman@bfrc.com,Daniel Caleron - Sta Mgr                Dawn Kutz - inspector,,,
Y - under served,6/15/2026,10',,CT2100237,ST0001799,All Pro Automotive,147 Boston Post Road,Old Lyme,06371,New London,(860) 434-2265,Full Service,,aptolct@aol.com,,Jeff Graybill - Mgr,,,
Y - under served,2/4/2026,,,CT2100 173,ST0001825,Pennells Auto Center LLC,341 Norwich New London Tpke,Uncasville,06382,New London,(860) 848-2400,OBD Plus,,pennellsauto@gmail.com,,Joe Pennell - owner,,,
Y,4/16/2026,"9' 6""",,CT2100051,ST0001944,Branford Auto Center,323 East Main Street,Branford,06405,New Haven,(203) 481-6572,Full Service,,a477815@aol.com,,Alphonse Paolillo - Sta Mgr/owner,"no masks upon arrival, test viewable only thru door (windows and posters on both) bathrrom sink inop,no soap, no papertowels, no station sign outside",,
Y,3/17/2026,10',,CT2100208,ST0001970,Modern Tire And Auto Service,514 West Main Street,Cheshire,06410,New Haven,(203) 272-3296,OBD Plus,,cheshire@moderntirect.com,mtireinc@netscape.net,Eric Bonaiuto -Team Lead,"9/22/21 - the building and/or property is having some construction done and van cannot access garage today, delivery to be rescheduled",,
Y,7/14/2026,,,CT2100032,ST0002018,D and R Automotive LLC,32 Nod Place,Clinton,06413,Middlesex,(860) 669-1075,Full Service,,shellanepc@sbcglobal.net,,Clifford Gasparini - owner,"limited parking, wait area dirty, restroom dirty",,
Y - under served,2/4/2026,10',,CT2100195,ST0002026,Desmonds Auto Sales,373 Lebanon Avenue,Colchester,06415,New London,(860) 537-1140,OBD Plus,,mike@desmondsauto.com,,Bill Desmond - owner,restroom could be cleaner,,
Y,2/5/2026,9',,CT2100225,ST0002133,Firestone - Fairfield,750 Kings Highway,Fairfield,06430,Fairfield,(203) 916-6319,OBD Plus,,robertsjennifer@bfusa.com,szimmerman@bfrc.com,Joseph McNary - Sta Mgr,7/10/21 - thinking about moving bay so we did not put up a camera there. Asked station to let us know by August so we can install camera,"  8/4/21 - Have started the approval process with Applus, has yet to contact the DMV  8/18/21 - Gage to visit Friday 8/19  to ensure the new location is ok - no lift in bay and monitor is functional  8/20/21 - new report card submitted",8/17/21 - DMV advised via email - we gave a preliminary approval but did not want to give a final answer until they contacted Opus
Y,3/24/2026,9',,CT2100132,ST0002141,Fairfield Tire and Auto Center LLC,1370 Kings Hwy Cut-off,Fairfield,06824,Fairfield,(203) 255-5931,OBD Plus,,fairfieldtireandauto@gmail.com,,Adam Docimo - Facility Mgr,,,
Y,2/4/2026,10',,CT2100224,ST0002149,Meineke - Fairfield,94 Kings Highway East,Fairfield,06825,Fairfield,(203) 864-6082,OBD Plus,R4923,fairfieldmeineke@gmail.com,,Ross Hiltz,"small lot filled with cars, limited parking",,
Y,3/10/2026,,,CT2100025,ST0002233,Cos Central Auto,1652 North Broad Street,Meriden,06450,New Haven,(860) 388-0075,Full Service,,coscentralauto@yahoo.com,cwill26131@aol.com,Christopher Lippitt,,,
Y,,,,CT2100095,ST0002358,Computer Tune and Lube Inc,966 Washington Street,Middletown,06457,Middlesex,(860) 346-1999,OBD Plus,,dan@qtrg.com,tunelube85@sbcglobal.net,Daniel Glyck - Mgr,,,
Y,3/31/2026,"9' 6""",,CT2100099,ST0002365,JAS Muffler Inc dba Midas Auto Service and Tires - Middletown,380 Washington Street,Middletown,06457,Middlesex,(860) 347-9100,OBD Plus,,middmidas@gmail.com,,Ted Theriault - Sta Mgr,5/15/24 - provided updated station information,,
Y,2/4/2026,"9' 10"" but no vehicles over 9'",,CT2100059,ST0002373,Personal Auto Care Service Center Inc,60 Dekoven Drive,Middletown,06457,Middlesex,(860) 347-9845,Full Service,,per60@aol.com,andy796@aol.com,Joe kleczkowski (father)Andrew Kleczkowski (son),5/15/24 - provided updated station information,,
Y,,,,CT2100002,ST0002419,Roberts Service Center Inc,216 Buckingham Avenue,Milford,06460,New Haven,(203) 878-4746,OBD Plus,,s.depalma@comcast.net,robertsservicecenter@gmail.com,Steven DePalma - Sta Mgr,double bay with lift,,
Y,3/12/2026,"9' 6""",,CT2100171,ST0002467,Meineke - Milford,70 Bridgeport Ave,Milford,06460,New Haven,(203) 878-3579,OBD Plus,,meinekemilford@gmail.com,,Dan Armstrong - Sta Mgr,,,
Y,3/10/2026,"9' 6""",,CT2100158,ST0002540,J P Automotive LLC,25 Stiles Lane,North Haven,06473,New Haven,(203) 287-0771,OBD Plus,,john@jpautollc.com,,Mike Steinfeld - Sta Mgr  John or Paul Magliochetti - owners,Have received complaints from other stations they pick and choose which cars they test and/or refer to another site 3/25/21 - not happy with Applus,6/16/21 - per DD customer wants to move his bay so camera was not installed                                                                                                          8/4/21- Customer has received approval from Applus and the DMV to relocate,
Y,,,,CT2100122,ST0002593,Bens Service Center,115 Boston Post Road,Orange,06477,New Haven,(203) 795-9324,Full Service,U9241,ambsc115@gmail.com,,John Moore - Mgr              Andrea Santamauro - owner,10/7/2025 - new DNR issued to wife  2/16/26 - sale postponed,,
Y,,"9' 1"" x 9.5' wide",,CT2100201,ST0002672,AJs Center Service Inc,851 River Road,Shelton,06484,Fairfield,(203) 929-1311,OBD Plus,,ajcsinc@sbcglobal.net,,Adriano Monaco - owner,"10/25/23 - Adriano advised 2nd unit approved, will invoice and call to make arrangements for delivery & set up",11/21/23 - Jack to contact regarding delivery and set up of 2nd unit (refurb),
Y,,10',,CT2100077,ST0002740,Mad Hatter Muffler,176 Queen Street,Southington,06489,Hartford,(860) 628-8888,OBD Plus,,madhatauto@gmail.com,,Jefferey Mayo,,,
Y,6/18/2026,,,CT2100069,"ST0002822 - inactive, only 1 inspector",Frenchys Auto Repair Inc,508 Main Street,Wallingford,06492,New Haven,(203) 265-0889,Full Service,,frenchysautorepair.rj@gmail.com,,Patrick Bushey,"wait area very small, restroom could be cleaner",,
Y,2/4/2026,,,CT2100055,ST0002830,Nelsons Automotive Service Center LLC,40D North Plains Industrial RD,Wallingford,06492,New Haven,(203) 265-3997,OBD Plus,,nelsons@carbuddys.com,petesr@carbuddys.com,Pete Nelson - owner,,,
Y,4/10/2026,,,CT2100121,ST0002880,Broadbridge Auto Service Inc,2607 Broadbridge Avenue,Stratford,06497,Fairfield,(203) 249-2229  (do not give out),OBD Plus,,vwfusco@yahoo.com,,Vincent Fusco - owner,"seating not socially distant, lift in bay (no arms), station needs to be cleaner and more organized",,
Y - under served,3/23/2026,12',,CT2100192,ST0002915,Midas Auto Service and Tires - Westbrook,55 Boston Post Road,Westbrook,06498,Middlesex,(860) 669-9937,OBD Plus,,westbrookmidas@gmail.com,jdziegielewski@comcast.net,Anthony Bianca,,,
Y,3/11/2026,,,CT2100163,ST0002919,Meineke Car Care Center #122,1175 Whalley Avenue,New Haven,06515,New Haven,(203) 397-2353,OBD Plus,,meinekenewhaven@gmail.com,,Patrick - Sta Mgr,limited parking,,
Y,2/5/2026,12',,CT2100181,"ST0002964 - 5/14/26 - advised of sale of business mid-June, new owners need DNR ",Swanson Automotive,434 Short Beach Road,East Haven,06512,New Haven,(203) 469-0593,OBD Plus,,Swansonautomotive434@gmail.com,kirtswanson1975@gmail.com,Kirt Swanson - owner,,,
Y,3/10/2026,14',,CT2100177,ST0003107,Chuck's Garage,52 Hood Terrace,West Haven,06516,New Haven,(203) 932-4336,OBD Plus,,chuckzlm8@aol.com,,Chuck,3/26/21 - no public restroom,,
Y,,"10' 4""",,CT2100116,ST0003432,E and S Automotive Operations LLC,425 Boston Ave,Bridgeport,06610,Fairfield,(203) 367-6006 owners cell (203) 993-4590,OBD Plus,,harrygil2848@gmail.com,hsgill2848@gmail.com,Harbhajan Gill - owner,"lot a mess, only 2 park signs, trash and parts on ground  3/30/21 - no marked pkg for emissions, owns 2 stations next to each other, not doing inspections at this site today   ",5/24/24 - provided updated sta info,
Y,2/4/2026,12',,CT2100216,ST0003437,Monro Muffler Brake - this is not a corporate location,451 Main Street,Monroe,06468,Fairfield,(203) 261-6335,Full Service,,jvig74@yahoo.com,jvig2121@yahoo.com,James Vig,,,
Y,,12',,CT2100223,ST0003458,Knechts Garage Inc,101 Monroe Turnpike,Trumbull,06611,Fairfield,(203) 268-6284,OBD Plus,,knechtsgarage@gmail.com,knechtsgarage1@gmail.com,Donald Knecht - Owner/Mgr,5/19/24 - provided updated sta info,,
Y,3/25/2026,,,CT2100226,ST0003475,Firestone - Bridgeport,300 John Street,Bridgeport,06604,Fairfield,(203) 333-6188,OBD Plus,,robertsjennifer@bfusa.com,szimmerman@bfrc.com,Ryan Gless - Sta Mgr,,monitor is away from wait area - 6/15 - they have moved their monitor back to the waiting area and are in compliance with the contract,
Y,2/4/2026,10',,CT2100200,ST0003483,Breezy Point Auto Repairs Inc,609 Main Street,Stratford,06615,Fairfield,(203) 377-8601,OBD Plus,,breezypointauto@optonline.net,,Gary Koripsky,,,
Y,2/4/2026,9',,CT2100049,ST0003498,Model Garage Inc,110 Thomaston Avenue,Waterbury,06702,New Haven,(203) 574-1882,OBD Plus,,modelgarageinc@gmail.com,,"David Jesensky - Sta Mgr, Kyle",,"a little messy, exterior",
Y,2/5/2026,"11' 6""",,CT2100215,ST0003767,Mezzio Auto Care,792 New Haven RD,Naugatuck,06770,New Haven,(203) 729-5988,OBD Plus,,mario.c@mezzioauto.com,elincolnlewis@gmail.com,Mario Cipriano - Sta Mgr,"site is close to street, waiting room is dirty, 5 miles to another test site    ",6/29 - per DD - they have 20 foot ceilings and the ladder we  have is an old wooden one and was not stable.  we may need to find a ladder big enough to finish the camera installation   8/16 - cust wants to move their test bay.  Gage went out to site and took pics of the location.  forwarding to DMV for approval,
Y - under served,7/13/2026,"8' 8""",,CT2100016,ST0003876,Quiet Zone of Thomaston,100 South Main Street,Thomaston,06787,Litchfield,(860) 283-3005,OBD Plus / CERF,,qzthomaston@gmail.com,howiefish@mac.com,Brian Stewart - Mgr,,,
Y,6/8/2026,9',,CT2100220,ST0003976,Quiet Zone of Watertown,789 Main Street,Watertown,06795,Litchfield,(860) 945-6000,OBD Plus,,qzwatertown@gmail.com,howiefish@mac.com,"Frank Campagna, Jr",,,
Y,3/25/2026,,,CT2100131,ST0003988,Valenti Motors Inc,600 Straits Turnpike,Watertown,06795,Litchfield,(860) 274-8846,OBD Plus,,douellette@valentiauto.com,lthibeault@valentiauto.com,Daniel Ouellette,,,
Y - under served,3/24/2026,,,CT2100242,ST0003997,Murray Bros Garage Inc,19 Bacon Pond Road,Woodbury,06798,Litchfield,(203) 263-4779,OBD Plus,,murraybrothersgarage@gmail.com,mbgfixit@gmail.com,Samuel Whiteley,,,
Y,2/4/2026,12',,CT2100143,ST0004004,Belardinelli Tire Comp,7 Beach Street,Bethel,06801,Fairfield,(203) 748-0889,OBD Plus,,jmatthews@belardinellitire.com,accounting@belardinellitire.com,Jared Matthews - Sta Mgr,5/15/24 - provided updated station information,,
Y,,9',,CT2100180,ST0004016,Firestone - Brookfield,164 Federal Road,Brookfield,06804,Fairfield,(203) 775-1295 or  corp office (860) 613-2901,OBD Plus,,robertsjennifer@bfusa.com,szimmerman@bfrc.com,Marc Veillette - Sta Mgr,,,
Y,2/6/2026,12',,CT2100191,ST0004065,Mohawk West Tire And Auto Center,31 Mill Plain Road,Danbury,06811,Fairfield,(203) 744-1835,OBD Plus,,mohawktireauto@aol.com,altacca2aol.com,Al Tacca - Sta Mgr,5/15/24 - provided updated station information,,
Y,2/26/2026,,,CT2100175,ST0004105,E M Auto Repair LLC,46 Maple Ave,Danbury,06810,Fairfield,(203) 790-5734 or (203) 948-7826,OBD Plus,,em1967@hotmail.com,,Cruz Matos - Sta Mgr Enrique Matos - owner,waiting room and bathroom need to be cleaned,"Oct '23 - inquired about a 2nd unit, needs approval","limited parking, abandoned cars everywhere, wait room and bathroom are not clean"
Y,2/5/2026,,,CT2100241,ST0004243,A C Auto Body and Mechanical Svc Inc,182 Main Street,New Canaan,06840,Fairfield,(203) 966-1818,OBD Plus,,acauto3@aol.com,,Anthony Ceraso,,,limited parking
Y,,"9' 4""",,CT2100172,ST0004257,New Canaan Ave Service,87 New Canaan Avenue,Norwalk,06850,Fairfield,(203) 846-0777,OBD Plus,,newcanaanave87@aol.com,,Obaid Rehman - Sta Mgr,5/16/24 - provided updated sta information,,
Y,2/6/2026,"9' 5""",,CT2100120,ST0004262,The Briggs Tire Co Inc (Firestone),72 Connecticut Avenue,Norwalk,06850,Fairfield,(203) 838-3716,OBD Plus,,jae.magner@gmail.com,,Justin Magner - owner,,,"small parking area, lot hard to get in/out of"
Y,,"9' 8""",,CT2100057,ST0004298,Hank Mays Goodyear,470 Westport Avenue,Norwalk,06851,Fairfield,(203) 846-3277,Full Service,,NORWALK@HANKMAYS.COM,jeannemeder@hankmays.com,Jean Allrich,,,
Y,,,,CT2100234,ST0004377,Limestone Service Station Inc,399 Danbury Road,Ridgefield,06877,Fairfield,(203) 438-8028,Full Service,,limestoneservice@yahoo.com,,J Giardini - owner,,advised we will allow him to relocate the unit to the other bay  8/4 - Customer has received approval from Applus and the DMV to relocate,"parking lo filled with cars, very little customer parking, test bay has items being stored in it, double bay w/lift"
Y,3/25/2026,9',,CT2100170,ST0004480,Firestone - Stamford,892 E Main Street,Stamford,06902,Fairfield,(203) 327-2930,OBD Plus,,robertsjennifer@bfusa.com,szimmerman@bfrc.com,Kristper Escobar - Sta Mgr,,,"limited parking, lot always full"
Y,2/4/2026,10',,CT2100144,ST0004628,Firestone - Milford,1063 Boston Post Road,Milford,06460,New Haven,(203) 878-6859,OBD Plus,,robertsjennifer@bfusa.com,szimmerman@bfrc.com,Brian Papp,,,
Y,3/25/2026,,,CT2100162,ST0004696,Long Ridge Service,1095 Long Ridge Road,Stamford,06903,Fairfield,(203) 322-3900,OBD Plus,,1095lrs@optonline.net,,Charlotte Michaud - Svc Mgr,,,"only 2 park signs, only 1 chair for wait room, no public restroom, monitor not visible from seated position, bay used for repairs and there was a truck on lift, parts on floor, not very friendly, does not like being in the program"
Y,3/25/2026,"8' 6""",,CT2100093,ST0004739,Precision Motor Coach LLC,1281 John Fitch Boulevard,South Windsor,06074,Hartford,(860) 282-1118,OBD Plus,,precisionmotorcoach@gmail.com,,Alan Desrosiers - owner,5/15/24 - provided updated station information,"old timer, has been doing emissions for 18 yrs, waiting room needs attention, no marked parking, lift in bay",staff was upset with DMV agent present and it was shown with their language and attitude
Y,2/4/2026,,,CT2100103,ST0004764,Suburban Subaru,6 Hartford Turnpike,Vernon,06066,Tolland,(860) 649-6550,OBD Plus,,emissions@krausecars.com;,rmanas@krausecars.com; kconnors@krausecars.com,Rick Manas - Svc Mgr            Keith Connors - Asst Svc Mgr,,9/24 - Gage advises customer wants to relocate unit to a new bay.  The lift will be removed and the waiting area will remain the same  10/12 - relocation approved per Don C email,
Y - under served,3/24/2026,14' verified,,CT2100074,ST0004769,Quiet Zone of Bantam,738 Bantam Road,Bantam,06750,Litchfield,(860) 567-3380,Full Service,,quietzonebantam@gmail.com,howiefish@mac.com,Justin Gilbert - Sta Mgr,,,
Y,says it’s a waste of his time,"9' 8""",,CT210196,ST0004788,West High Service Station Inc,355 West Main Street,Stamford,06902,Fairfield,2033240288  (owner cell) 203-979-7225,OBD Plus,,westhighsnow@aol.com,,Don Chiappetta - owner,,,
Y,,,,CT2100179,ST0004817,High Tech Auto,266 Boston Post Road,Orange,06477,New Haven,(203) 799-0888,OBD Plus,,bennyyang@att.net,,Ben Yang - owner,,,"parking can be difficult when busy, overflow of parts in test bay "
Y,3/24/2026,"9' 6""",,CT2100186,ST0004828,Waterbury Tire and Auto,144 Thomaston Avenue,Waterbury,06702,New Haven,(203) 754-0113,OBD Plus,,waterburytire@comcast.net,,"Stephen Crocco - Sta Mgr, Bob Munroe, Svc Mgr",2/29/24 - Steve from the station called and wants to know what is the process he needs to go through to get a second unit in the station,"5/15/24 - provided updated station information - inquired about a 2nd unit, needs approval",
Y,2/9/2026,8',,CT2100211,ST0004837,Car -Tune,1049 Dixwell Avenue,Hamden,06514,New Haven,(203) 776-7774,OBD Plus,,cartune1@hotmail.com,,Mike Trofa - Sta Mgr,"lot filled with cars, no parking, viewing monitor old (hard to view test), several engines in test bay",1/28 - Claims Lee Myles and Meineke don’t like to spend the extra time doing TSI tests so they refer motorists to their shop.  Found both sites had already tested multiple cars in the am and neither had an open service call so there should be no reason to refer elsewhere.,
Y,3/24/2026,"9' 6"" ",,CT2100064,ST0004839,Hank Mays Goodyear,168 Magee Avenue,Stamford,06902,Fairfield,(203) 348-3000,Full Service,,stamford@hankmays.com,jeannemeder@hankmays.com,Richard Campbell,3/30 - restroom needs attention,,
Y,3/25/2026,,,CT2100136,ST0004866,Lee Myles Transmission,240 Whalley Avenue,New Haven,06511,New Haven,(203) 785-8011,OBD Plus,,leemylesnh@aol.com,vuosomotors@aol.com,John Vuoso - Sta Mgr," 6/15/22 - Nancy states they are having staffing issues getting Sat help and don’t know if they can continue to participate if Sat hours are going to be required, pavement in poor shape, lift in bay     ",,
Y,,10' x 10',,CT2100040,ST0004867,Foxy Fast Lube LLC,1605 West Main ST,Willimantic,06226,Windham,(860) 456-1395,Full Service,,mike@foxylube.com,,Miguel Parrilla,,,
y,,10',,CT2100156,ST0005000,Firestone - New Haven,680 Chapel Street,New Haven,06510,New Haven,(203) 787-1208,Full Service,,robertsjennifer@bfusa.com,szimmerman@bfrc.com,Austin James - Sta Mgr,,,
Y,2/4/2026,10',,CT2100022,ST0005003,CarMax Auto Superstore Inc,89 Weston Street,Hartford,06120,Hartford,(860) 263-6812   automated,Full Service,,Javar_Goldburn@carmax.com,jack_murphy@carmax.com,Javar Goldburn - Sta Mgr,,,
Y,3/4/2026,12',,CT2100023,ST0005004,Modern Tire And Auto Service,867 Cromwell Avenue,Rocky Hill,06067,Hartford,(860) 760-9000,OBD Plus,,rockyhill@moderntirect.com,mtireinc@netscape.net,Frank Cammuso - Sta Mgr,,,
Y,,,,CT2100018,ST0005006,Economy Oil Change,315 Hartford Turnpike,Vernon,06066,Tolland,(860) 875-1222,Full Service,,8036@fsaretail.com,,Brian Harlow,"11/15/24 - complaint - refused to test without fail paperwork, went to Valvoline and tested no problem",,
Y - under served,2/9/2026,12',,CT2100239,ST0005016,Stillys Automotive LLC,117 S Burnham Hwy,Lisbon,06351,New London,(860) 376-1700,OBD Plus,,stillysauto@yahoo.com,,Scott Still - owner,,,
Y,2/5/2026,11',,CT2100044,ST0005018,Firestone - Plainville,459 Farmington Avenue,Plainville,06062,Hartford,(860) 793-4935,OBD Plus,R7269,robertsjennifer@bfusa.com,szimmerman@bfrc.com,Austin Grounds - Sta Mgr,,,
Y,3/12/2026,,,CT2100207,ST0005020,Keating Automotive,2619 Whitney Avenue,Hamden,06518,New Haven,(203) 288-0111,OBD Plus,,billy@keatingautomotive.com,,Casey Muzio - Sta Mgr,"small parking area, side street had to be utilized",,
Y,,,,CT2100085,ST0005023,Tasca Ford,250 Webster Square,Berlin,06037,Hartford,(860) 828-3546,OBD Plus,,tmoran@tasca.com,,Tom Moran or Dale White,"3/27/25 - advised of numerous reports of turn aways and possible decert 4/15/25 - passed covert audit, doing much better now",,
Y - under served,emailed has not changed?,,,CT2100193,ST0005025,Marvins Midway Auto,28 Amston Road,Colchester,06415,New London,(860) 537-4900,OBD Plus,,midwayauto07@sbcglobal.net,,"Wilbert ""Bert"" Marvin - owner",restroom needs to be ceaner,,
Y,,,,CT2100206,ST0005027,Falbos Tire and Auto Center,163 West Street,Seymour,06483,New Haven,(203) 888-4329,OBD Plus,,autowiseCT@gmail.com,akautowise@gmail.com,Andrew Chapin,,,
Y,,10',,CT2100159,ST0005028,Firestone - Branford,686 West Main Street,Branford,06405,New Haven,(203) 488-1712,OBD Plus,,robertsjennifer@bfusa.com,szimmerman@bfrc.com,Jason Hollingsworth - Sta Mgr,posters blocking view of test,,
y,,,,CT2100047,ST0005032,A1 Complete Autocare LLC,655 Boston Post Road,Guilford,06437,New Haven,(203) 689-5069,Full Service,,jonmcd5656@yahoo.com,mcdonaldjamesr@gmail.com,James McDonald,,,
Y,2/4/2026,10',,CT2100167,ST0005036,Firestone - West Haven,525 Saw Mill Road,West Haven,06516,New Haven,(203) 933-7750,OBD Plus,,robertsjennifer@bfusa.com,szimmerman@bfrc.com,Marlin Lawrence - Sta Mgr,,,
y,3/10/2026,,,CT2100089,ST0005039,L & S Automotive LLC,1157 Meriden-Waterbury Tpke,Plantsville,06479,Hartford,(860) 621-7372,OBD Plus,,lsautomotivesales@gmail.com,dlbstreetglide@yahoo.com,Davis Langbury - Svc Mgr,"4/22/24 - received a station compliment, quick & will return their for future testing needs",,
Y,6/2/2026,,,CT2100209,ST0005040,Anthony's High Tech Auto Center - Milford,541 New Haven Avenue,Milford,06460,New Haven,(203) 874-4335,Full Service,,ghughes247@gmail.com,salcasa13@gmail.com,Gregory Hughes - Mgr,very upset with Applus,,
Y,,10',,CT2100078,ST0005041,Rose Brother's Garage,351 Boston Post Road,North Windham,06256,Windham,(860) 450-0334,OBD Plus,,Rosebrothersgarage@gmail.com,,Dave Rose - owner,"bathroom small and dirty, owner has plans to update in future",,
Y - under served,2/5/2026,11',,CT2100139,ST0005043,T & S Oil Company,200 Ward Avenue,Moosup,06354,Windham,(860) 564-5091,OBD Plus,,info@tandsoil.com,,Bruce Dawley,,,
Y,,,,CT2100199,ST0005044,R J  Shore Automotive LLC,1229 Foxon Road,North Branford,06471,New Haven,(203) 484-1181,OBD Plus,,mjifinancial@att.net,,James Bruneau,,,
Y,5/15/2026,12' x 12' wide,,CT2100148,ST0005046,J & J Auto Repair LLC,4 Lanesville Road,New Milford,06776,Litchfield,(860) 717-4349,OBD Plus,,jjmotorsct@gmail.com,,Antonio Jurado,,,
Y - under served,3/24/2026,,,CT2100222,ST0005047,East Coast Auto Sales,2 Business Parkway,Griswold,06351,New London,(860) 376-5000,OBD Plus,,eastcoastautogroupllc@hotmail.com,,Noah Perkins,,,
Y,2/4/2026,12',,CT2100185,ST0005050,Guilford Texaco Inc.,2293 Boston Post Road,Guilford,06437,New Haven,(203) 453-4961,OBD Plus,,ap@guilfordtexaco.com,ernie1104@comcast.net,Joe Famiglietti,,,
Y,2/4/2026,"9' 11""",,CT2100011,ST0005051 - 8/5/26 - advised will be withdrawing at year end,Anthony's Service Station,128 East Main Street,Plainville,06062,Hartford,(860) 747-5791,OBD Plus,,anthonyservicestation@gmail.com,,"William Vivier, Sta Mgr     sta alt # ( 860) 793-6036 (emerg cell) 347-257-6577",,,
Y,2/16/2026,"9' 9"" x 9' 10"" wide",,CT2100068,ST0005052,South Green Automotive,880 Wethersfield Avenue,Hartford,06114,Hartford,(860) 296-2616,OBD Plus,,sgreencars@gmail.com,Jennifer.thomasttrl@gmail.com,Jorge Torres - Sta Mgr,,,
Y,3/25/2026,small 8' for emissions but 10' door in adjacent bay see notes ?,,CT2100111,ST0005056,Saybrook Auto Barn,342 Middlesex Turnpike,Old Saybrook,06475,Middlesex,(860) 388-2886  owner's cell (860) 575-5057,OBD Plus,,garya@saybrookautobarn.com,,Ricky Hanson - Mgr     Gary - owner,8' bay door however they can pull certain oversize vehicles in the adjacent 10' door and angle to stay in view of the bay camera but it depends on the length to make the turn,,
Y,,,,CT2100142,ST0005057,"R.J. Shore Automotive, LLC",80 Shore Drive,Branford,06405,New Haven,(203) 488-3677,OBD Plus,,mjifinancial@att.net,,Harry DiNardi - Sta Mgr,limited parking,,
Y,3/24/2026,"10' 6"" x 9' x 9"" wide",,CT2100125,ST0005059,Quiet Zone of Torrington,1299 East Main Street,Torrington,06790,Litchfield,(860) 618-7007,OBD Plus,,qztorrington@gmail.com,,John Atwood - Mgr,,,
Y,7/25/2026,,,CT2100109,ST0005063,Copeland Auto Repair LLC,1451 Highland Avenue,Cheshire,06410,New Haven,(203) 272-9730,OBD Plus,,copelandautorepair@gmail.com,,Randy Card  - Sta Mgr,"11/15 - motorist complaint, not testing, recording says closed for 3 days but no closure request entered",,
Y,,,,CT2100075,ST0005064,Mitchell Auto Group Inc.,384 Hopmeadow Street,Simsbury,06070,Hartford,(860) 408-6000 x6050         owner's cell (860) 550-0350,OBD Plus,,stevenmitchelljp@gmail.com,," Steven Mitchell, owner",,,
Y,,12' x 10' wide,,CT2100249,ST0005066,Pep Boys #6591 - Mystic,2400 Gold Star Hwy,Mystic,06355,New London,(860) 536-9235,OBD Plus,R7583,svcmngr6591@pepboys.com,,Robert Schmidt - Svc Mgr,5/15/24 - provided updated station information,new station - unit purchased OCT 2022,
Y,3/23/2026,,,CT2100087,ST0005069,J's Auto Sales & Repair LLC,866 West Main Street,New Britain,06053,Hartford,(860) 845-4438,OBD Plus,,jsautos_rllc@yahoo.com,,Jesus or Felix Ruiz owners,,,
Y - under served,,10',,CT2100092,ST0005070,Rose Brother's Garage - Columbia,164 RT 66 East,Columbia,06237,Tolland,(860) 228-3008,OBD Plus,,Rosebrothersgarage@gmail.com,,David Rose - owner,"3/29/23 - Jack sent email asking if they are going to stay or go.  No testing done since Sept 14, 2022",8/22/24 - received call from John (DMV) they have not tested in months. Morgan to contact to see if we can set them up with an inspector,
Y,3/24/2026,,,CT2100150,ST0005073,West End Auto,1262 State Street,Bridgeport,06605,Fairfield,(203) 690-1301,OBD Plus,,bptautosales@gmail.com,,Mazen Aljullaj - owner,,,
Y,3/10/2026,,,CT2100169,ST0005074,Unique Auto Sales LLC,392 East Street,New Haven,06511,New Haven,(203) 684-3171,OBD Plus,U7472,miguel.ctuniqueauto@gmail.com,,Miguel Rivera - owner           (475) 434-6564,,,
Y - under served,,10',,CT2100227,ST0005075,Gabe's,100 North Main Street,Beacon Falls,06403,New Haven,(203) 729-3383,OBD Plus,,gabesstation@comcast.net,,Brian DeGeorge - Sta Mgr,,,
Y - under served,2/4/2026,12' x 10' wide,,CT2100231,ST0005077,Raymond's Auto LLC,892 Route 32,North Franklin,06254,New London,(860) 642-6792,Full Service,,joslynjackie@yahoo.com,,Alexis Rodriguez,,,
Y,7/31/2026,9.5,,CT2100218,ST0005079,General Muffler & Automotive Supply - Ansonia LLC,670 Main Street,Ansonia,06401,New Haven,(203) 735-6406,OBD Plus,,generalmuffler@gmail.com,,Bill Nicoletti Iii - Sta Mgr,"8-6, dyne in bay, claims DMV approved",2/3/25 - DMV advised of lock out due to bond issue 2/5/25 - issue resolved,
Y,2/10/2026,8' x 9' wide,,CT2100086,"ST0005081 - will be moving to a new location in Brooklyn, needs DMV approval ? ",Vachon GMC Cadillac,139 Pomfret Street,Putnam,06260,Windham,(860) 928-6572,OBD Plus,,daveg@checkvachon.com,,Dave Guillot - Svc Mgr,"3/5/2026 - advised will be moving to a new location at 445 Providence Rd, Brooklyn in 6-8 months, needs new DNR and DMV approval","site is under construction, will let us know when ready for a site visit",
y,5/5/2026,12',,CT2100135,ST0005082,Newtown Car Care Center Inc.,3 Commerce Road,Newtown,06470,Fairfield,(203) 426-7145,OBD Plus,,newtowncarcarecenter@gmail.com,johnkoschel@yahoo.com,Johnny Koschel - Sta Mgr,,,
Y,3/10/2026,13',,CT2100012,ST0005083,Jays Auto Deals On Wheels LLC,333 Main Street,Manchester,06040,Hartford,(860) 646-3444,Full Service,,jaysautoct@gmail.com,,Jay Pitchell - owner,"trash aroud parking lot, no parking, excessive cars onlot, a lot of items on test bay floor",,
Y - under served,3/26/2026,,,CT2100043,ST0005087,CDLS Mobile Repair LLC,915 N Main St,Danielson,06239,Windham,(860) 317-1089,Full Service,,cdlsmobilerepairllc@yahoo.com,cdlsmobile114@yahoo.com,"  Michael Messina, Jr.            Aileen Brennan, Principal",,,
Y,,12',,CT2100154,ST0006008,Old Gate Automotive DBA Midas of Milford,254 Old Gate Lane,Milford,06460,New Haven,(203) 878-7688,OBD Plus,,milfordmidas@optonline.net,,Jim Halpin - owner,5/15/24 - provided updated station information,,
Y,3/24/2026,"8' 9""",,CT2100020,ST0006009,Quiet Zone of Naugatuck,144 Rubber Ave,Naugatuck,06770,New Haven,(203) 632-5865,OBD Plus,,qznaugatuck@gmail.com,,James Gilbert,,,
Y,3/24/2026,14',,CT2100107,ST0006010,Monro Muffler Store #163,150 Danbury Road,New Milford,06776,Litchfield,(860) 354-1233,OBD Plus,,shop163@monrostores.com,cynthia.angora@monro.com,Peter Zaborowski - Store Mgr,,,
Y,,,,CT2100198,ST0006011,Bent Autobahn Automotive Repair LLC,14 Cross St.,Norwalk,06851,Fairfield,(203) 939-1314,OBD Plus,,bentautobahn@gmail.com,,Wayne Bent - owner,10/3/25 - owner will send email advising of withdrawal due to Sat testing requirement,,
Y,,,,CT2100204,ST0006014,Quiet Zone of Orange,404 Boston Post Rd.,Orange,06477,Fairfield,(203) 509-5460,Full Service,,qzorangect@gmail.com,,Jim Oppedisano 203-553-9950,,,
Y,3/6/2026,12',,CT2100114,ST0006017,Modern Tire & Auto Shelton,475 River Rd,Shelton,06484,Fairfield,(203) 924-8863,OBD Plus,,shelton@moderntirect.com,,Lisa or Robert Amenta - owner,,,
Y,,7',,CT2100178,ST0006020,Ray's Stafford Sales & Service,124 W Stafford St,Stafford Springs,06076,Tolland,(860) 684-5789,OBD Plus,,raysstaffordservice@gmail.com,rayscentersquarerepair@outlook.com,"Raymond Pacheco, Jr",,,
Y,,,,CT2100126,ST0006022,Car Central Auto Sales & Service,1191 N Colony Rd,Wallingford,06492,New Haven,203) 303-1723,Full Service,U8820,info@carcentralauto.com,,Samer Abdelsylom - owner,,,
Y,2/6/2026,11',,CT2100128,ST0006024,CarMax,450 Captain Neville Dr,Waterbury,06705,New Haven,(203) 591-1224,OBD Plus,,161094@carmax.com,patrick_s_hermann@carmax.com,Patrick Hermann - Gen Mgr cell (475) 202-2635,6/13/24 - received updated sta info,,
Y,,,,CT2100112,ST0006027,Pep Boys # 421 - West Hartford,1000 New Britain Avenue,West Hartford,06110,Hartford,(860) 570-2525 or cell (215) 430-9379,Full Service,R7901,svcmngr0421@pepboys.com,,Richard Denby - Mgr,,,
Y,3/11/2026,9',,CT2100091,ST0006028,DeGennaro Auto & Truck Repair LLC,28 Locust Street,West Haven,06516,New Haven,(203) 932-0550,Full Service,,degennaroauto@yahoo.com,,Nick DeGennaro - owner,,,
Y,,,,CT2100235,ST0006029,Meineke of Willimantic,1050 Main Street,Willimantic,06226,Windham,(860) 634-5732 or cell (860) 576-8880,Full Service,,2231meineke2475@gmail.com,,Dale Arbo - Mgr,"3/9/24 - received a complaint sta closed at 12 but website showed 1, station advised",,
Y - under served,,,,CT2100058,ST0006030,Showcase Service Center LLC,25 Mihaliak Road,Willington,06279,Tolland,(860) 458-3052,Full Service,,Showcaseautorecovery@gmail.com,showcaseservicecenter@gmail.com,Chris Barr - owner                                    Chelsea Barr - Mgr,,,
Y,2/5/2026,,,CT2100233,ST0006031,Wilton Auto & Tire Center,658 Danbury Rd,Wilton,06897,Fairfield,(203) 761-9541,OBD Plus,,mikel@wiltonautoandtire.com,,Mike Lindquist,,,
Y - under served,4/16/2026,12',,CT2100240,ST0006033,Monro Muffler Store #308,200 New Hartford Road,Winsted,06098,Litchfield,(860) 738-1336,OBD Plus,,Store0308@monro.com,,Ken Mangassarian -  Mgr      Cynthia Angora - Acctg (585) 784-3388,4/28/26 - status to inactive,,
Y,3/13/2026,12',,CT2100205,ST0006035,Axle & Spindle Truck Repair LLC,357 Broad St,Manchester,06040,Hartford,(860) 643-5900     cell  (860) 388-1126,Full Service,,lisa@axletruckrepair.com,gfellows@axletruckrepair.com,George Fellows - owner,,,
Y,4/14/2026,10',,CT2100165,ST0006037,Firestone,1197 Barnum Ave,Stratford,06614,Fairfield,(203) 377-7878 or corp (860) 613-2901 ext 1,OBD Plus,,robertsjennifer@bfusa.com,szimmerman@bfrc.com,James Capriotti - Sta Mgr,"9/29 - 12:11 pm - unable to contact Bob Beaudoin via phone - sent email advising to hold off signing the contract until further notice  2/2 - ok to sign the contract, unit was never picked up so we are going to allow them to participate.  t",,
Y,3/17/2026,,,CT2100137,ST0006041,Sanchez Repair Services LLC,41 South Street,Danbury,06811,Fairfield,(203) 826-7331,OBD Plus,,sanchez-services@hotmail.com,,Jose R. Sanchez,,,
Y,,12',,CT2100212,ST0006043,Monro Muffler Store #156,918 North Colony Road,Wallingford,06492,New Haven,(203) 269-3301,OBD Plus,,Store0156@monro.com,,Brian DeCoster," 2/22/23 - Jack spoke with Brian, Sta Mgr and advised they had defaulted and we would pick up our equipment Monday, 2/7/23 ",,
Y,4/15/2026,12',,CT2100228,ST0006047,Monro Muffler Store #192,548 Talcottville Road,Vernon,06066,Tolland,(860) 871-6955,OBD Plus,,Store0192@monro.com,,Cynthia Angora,,,
Y,,12',,CT2100129,ST0006050,Monro Muffler Store #196,3000 Main Street,Glastonbury,06033,Hartford,(860) 633-0570,OBD Plus,,Store0196@monro.com,,Cynthia Angora,,,
Y,4/14/2026,12',,CT2100157,ST0006053,Monro Muffler Store #207,557 West Main Street,Norwich,06360,New London,(860) 886-8266,OBD Plus,,Store0207@monro.com,,,,,
Y,,12',,CT2100134,ST0006057,Monro Muffler Store #295,2009 Silas Deane Highway,Rocky Hill,06067,Hartford,(860) 257-9414,OBD Plus,,store0295@monro.com,,Cynthia Angora,"10/7/24 - received motorist complaint stating they should not be in program as he went there 3 times this week and no one is ever there to do the testing. No testing done 10/4, one test was done 10/5","8/29/25 - received motorist complaint insp did not want to drive vehicle into bay, no other tech onsite for another 45 mins",
Y,,10',,CT2100160,ST0006066,Monro Muffler Store #522,280 Westport Avenue,Norwalk,06851,Fairfield,(203) 847-6305,OBD Plus,,Store0522@monro.com,,Cynthia Angora,8/16/23 - per Jack they were permanently removed from program,8/17/23 - reinstated,
Y,4/15/2026,12',,CT2100124,"ST0006069 - 7/31/26 - inactive, only 1 insp",Monro Muffler Store #92,656 Farmington Avenue,Bristol,06010,Hartford,(860) 582-3197,OBD Plus,,Store0092@monro.com,,Cynthia Angora," have not tested since 2/8/24 due to staff shortage, closure entered thru MAY 2024,  5/9/24 - resumed testing","1/10/25 - Lenny found no testing note on door, no closure reported so Geoff entered thru Jan ",
Y,3/10/2026,"9' 6"" x 12' wide",,CT2100133,ST0006070,Midas,91 S Main St,Torrington,06790,Litchfield,(860) 302-9996,OBD Plus,R7638,midasoftorrington@midasamg.com,Zveronneau@midasamg.com,Zack Veronneau - Sta Mgr,"10/6/21 - score is not a true reflection of station  1/19/22 - Gage did site visit, approved ",,
Y,3/10/2026,,,CT2100188,ST0006071,Midas,33 Farmington Ave,Bristol,06010,Hartford,(860) 302-9996,OBD Plus,R7637,midasofbristol@midasamg.com,Zveronneau@midasamg.com,Adam Genuario - owner   (203) 856-3843                        Zack Veronneau - Sta Mgr,"10/6/21 - small parking lot but can get 3 spaces, lift at end of bay but will not compromise emissions, will install monitor ","1/19/22 - Gage did site visit, approved ",
Y,7/12/2026,10' but no cars more than 8',,CT2100247,ST0006072,Alex Auto Sales & Repair LLC,1905 Barnum Ave,Bridgeport,06610,Fairfield,(203) 807-6250,OBD Plus,,alexauto1905@gmail.com, 	ali_756@yahoo.com,Muhammad Zulekfal - owner,4/22/22 - ATP completed,,
Y,3/25/2026,,,CT2100232,ST0006073,New Fairfield Automotive,104 Route 39 North,New Fairfield,06812,Fairfield,(203) 746-2422,OBD Plus,,newfairfieldautomotive@gmail.com,,Nick - Owner/Mgr,5/4/22 - new owner of 4170 - DMV and Opus to visit site in near future,,
Y - under served,3/30/2026,"9' 8"" x 9' 5"" wide",,CT2100138,ST0006075,Northwest Auto,32 Railroad St,Canaan,06018,Litchfield,(860) 824-4000,Full Service,U8680,john@northwauto.com,,John Consadine  - owner,6/3/22 - interested in taking over for Arnold's who closed their doors today,,
Y,3/25/2026,12',,CT2100246,ST0006076,Pep Boys #250  - Berlin,44 Berlin Tpke,Berlin,06037,Hartford,(860) 582-1234,OBD Plus,R5533,svcmngr0250@pepboys.com,,Jose Perez - Sta Mgr,new station - unit purchased NOV 2022,"Monitor available, corporate wants emissions due to retail parts sales being closed down, manager didn’t seem to want to be involved in emsissions, right next to Bens Test Station",
Y,2/4/2026,10',,CT2100050,ST0006077,Firestone Southington,288 Queen Street,Southington,06489,Hartford,(860) 863-0381,OBD Plus,R6375,robertsjennifer@bfusa.com,szimmerman@bfrc.com,Nick Frosolone  - Sta Mgr,,,
Y,3/25/2026,10',,CT2100082,ST0006078,Firestone Newington,2897 Berlin Turnpike,Newington,06111,Hartford,(860) 856-9159,OBD Plus,R7408,robertsjennifer@bfusa.com,szimmerman@bfrc.com,Dennis Freeman - Sta Mgr,,,
Y,3/19/2026,10',,CT2100152,ST0006079,TB12 Service LLC  dba Old Greenwich Service Station (Shell),1429 E Putnam Ave,Old Greenwich,06870,Fairfield,(203) 698-9531 option 5,OBD Plus,L3468,admin@rsmgt.net,corporate@rsmgt.net,Orlando Coronado - Sta Mgr Mike Anderson - Ops & Admin                Ryan Shullman -  owner cell (520) 612-9132,10/10/22 - purchased site formerly known as Lube Express (ST0004722),2/25/25 - per DD will have to wait on approval from DMV. The bay will work but they will need to do some work to accommodate the 2nd unit 2/26/25 - DMV denied,
Y,,,5/9/2023,CT2100244,ST0006080,Pep Boys #277 - Waterbury,899 Wolcott St,Waterbury,06705,New Haven,(203) 757-5678,OBD Plus,,svcmngr0277@pepboys.com,,Dennis O'Doherty - Svc Mgr,new station - unit purchased MAY 2023,,
Y - under served,3/11/2026,,,CT2100017,ST0006085,Highline LLC dba Valvoline,24 Wall Street,Hebron,06248,Tolland,(860) 228-1314,Full Service,R7885,dmitchell@synpower.net,ge1619@synpower.net,"Derrick Mitchell, Dist Mgr Valvoline, Mr Sparkle","12/22/25 - unit moved to new bay,  12/31 - passed DMV ATP",,
Y,,10',,CT2100031,ST0006087,ECK Motorsports,37 Migeon Avenue,Torrington,06790,Litchfield,(203) 312-6478,Full Service,U9016,admin@eckmotorsports.com,,Baris Kara,"7/21/23 - passed final ATP, site is ready to go",,
Y,,,,CT2100203,ST0006088,Speedy Auto Repair,4 National Drive,Windsor Locks,06096,Hartford,(860) 692-4104,Full Service,R7799,speedyautorepairct@gmail.com,,Mohammad Shahid or  Imran (son) 860-997-7561,,,
Y,,,,CT2100243,ST0006089,Pep Boys - Manchester,205 Spencer Street,Manchester,06040,Hartford,(215)-430-9428,OBD Plus,R7902,Svcmngr0238@pepboys.com ,,,"8/7/23 - inquired via website, unit purchased OCT 2023","10/31/23 - activated in VID , 1/15/24 - Arash claims site should be ready by Thursday, 1/18",
Y,,,,CT2100245,ST0006090,Pep Boys #317 - Hamden,2301 Dixwell Ave,Hamden,06514,New Haven,(203) 281-4441,OBD Plus,R7907,svcmngr0317@pepboys.com,,Engelbert Andras - Manager,"8/7/23 - inquired via website, unit purchased OCT 2023","10/31/23 - activated in VID , 1/15/24 - Arash claims site should be ready by Thursday, 1/18",
Y - under served,2/4/2026,12'                bay is wide and long enough to do stretch limos,,CT2100030,ST0006091,Thomas Buffington Associates,111 Commercial Drive,Plainfield,06374,Windham,(860) 317-1079,OBD Plus,R4511,autorepair@tbabuffington.com,leodefevers@icloud.com,Leo Defevers - Manager Darlene Buffington - owner 860-377-6432                     Ryan - office,"7/21/22 - inquired via website,  thought they could replace CDLS but they are moving not withdrawing from program","3/8/24 - able to test, passed final ATP ",
Y,3/11/2026,,,CT2100202,ST0006092,Midas,90 Queen St,Southington,06489,Hartford,(860) 384-6637,OBD Plus,R7639,midasofsouthington@midasamg.com,,Adam Genuario - owner  (203) 483-3816                            Zack Veronneau - Mgr          (203) 384-6637,,,
Y,,13' ? WCB,,CT2100026,ST0006093 - inactive only 1 inspector,Federal Auto Service & Towing,272 White St,Danbury,06810,Fairfield,(203) 794-9475,Full Service,R7952,danburytowing2023@gmail.com,romelportillo554@gmail.com,Jorge Portillo  owner         (475) 279-5376,"11/28/23 - notified of transfer of ownership, no changes & keeping all staff  11/30/23 - added to VID",6/12/24 - received updated sta info,
Y,,10',,CT2100029,ST0006094,JTTS LLC (Joanna's Truck Tire Services,187 Saltonstall Parkway,East Haven,06512,New Haven,(203) 466-2600,Full Service,,completelube@aol.com                               use for bulletins and station info," jttsinvoices@gmail.com                   infraction notices, billing, etc",Sherry or Joanna,"2/1/24 - change of ownership to family member, continuing to operate under Torello Tire",,
Y,,,,CT2100035,ST0006097,United Auto Group,515 School St,Putnam,06260,Windham,(860) 928-2886,OBD Plus,U8233,carlosbastos515@gmail.com,,Carlos Bastos - owner,7/6/21 - inquired via website  9/12/23  - called to ck on status and why Putnam Ford was sold and no spot opened up.   12/7/23 - called to ck on the status of his application. claims he has people coming in all the time wondering if they can test for emissions.  would like to replace Cargill Chevrolet who withdrew in July,"3/4/24 - Lizz completed a site visit and pics are on file, J to notify DMV to do site visit 3/12 - sent info on inspector training  3/18 - sent info on registering site and signing contract, advised we cannot proceed until contract is signed 3/21 - contract signed","5/9 - Carlos advised everything is installed and they are ready for us to return DD will try to schedule for Wed, May 15  5/14 - install complete and DMV ATP Thursday  5/16 10 am 5/16/24 - approved for testing"
Y,3/26/2026,,,CT2100048,ST0006098,Valvoline,822 Sullivan Ave,S Windsor,06074,Hartford,(860) 730-4244,OBD Plus,R7967,draup@synpower.net,ge1614@synpower.net; pjferri@synpower.net,Brandon Davis - Sta Mgr        Derrick Mitchell - Dist Mgr  860-604-7101                         Paul Ferri - owner                (860) 573-0380,11/21/23 - inquired via website,"3/12/24 -  per Jack advise they need to sign contract, sent info on inspector certification 3/15 - advised they have 2 inspectors in Hebron who will be working in S Windsor 3/18 - G emailed info on signing contract","   4/9/24 - Dave to contact or swing by to see what's been done4/26 - sta emailed they now have a 2nd inspector 4/30 DD to verify site is ready  5/2/24 - notified DMV for ATP now scheduled for Monday, 10 am  5/6 - passed ATP and can begin testing"
Y,2/6/2026,10',,CT2100113,ST0006101,Valvoline,221 W Main St,Avon,06001,Hartford,(860) 606-6991,Full Service,R7993,ae1427@synpower.net,,Desron Williams - Sta Mgr,"5/2/24 - inquired via website, they will be leasing site currently operating as Foxy 44 ","5/14/24 - forwarded info on signing contract 5/16/24 - rec'd staffing plan and ins info, DMV ATP completed",
Y,3/24/2026,,,CT2100052,ST0006102,Midas,910 Barnum Ave Cutoff,Stratford,06614,Fairfield,(860) 302-9996,OBD Plus,R7481,Zveronneau@midasamg.com,,Adam Genuario - owner   (203) 856-3843                      Zack Veronneau - Mgr,5/16/24 - DD did site visit 5/20 - DMV approved 5/22/24 - added to VID 7/17/24 - paassed final ATP and is ok to test,,
Y,3/10/2026,,,CT2100151,ST0006103,Midas,755 W Main St,Branford,06405,New Haven,(203) 856-3843,OBD Plus,R7640,Zveronneau@midasamg.com,,Adam Genuario - owner   (203) 856-3843                      Zack Veronneau - Mgr,5/16/24 - DD did site visit 5/20 - DMV approved   5/22/24 - added to VID,10/9/24 - passed final ATP and are ready for testing,
Y,3/12/2026,,,CT2100076,ST0006104,United Auto Sales & Service,219 Congress Avenue,Waterbury,06708,New Haven,(203) 650-2463,OBD Plus,U9115,unitedautosales@optonline.net,cdragone@lbchevy.com; fblasius@lbchevy.com,Neil O'Leary,"4/10/24 - inquired via website, advised of process, can't do anything until they are licensed  ","6/24 - received new owner email from Bill Palomba. Contacting Fred Blasius to advise of the acceptance process, will send instructions when site is accepted  7/8/24 - site approved and new account set up, ok to sign contract ",7/28/2026 - unit moved to new bay mid July and they passed DMV ATP
Y,3/10/2026,10',,CT2100146,ST0006105,Valvoline Putnam,16 Providence Pike,Putnam,06260,Windham,(860) 819-5294,Full Service,R8031,dmitchell@synpower.net,ge1620@synpower.net,James Ferri - Manager          Derrick Mitchell - Dist Manager  (860) 244-9310,"11/21/23 - inquired via website  3/6/24 -  Lizz did a site visit and found station is still under construction. Pics on file.  8/29/24 - DMV approved site but unable to test as no DNR, 11/14 - DNR license issued, need monitor installed",12/5 - will contact us when monitor is installed  2/20/25 - passed final ATP and ready for testing,
Y,3/19/2026,,11/13/24,CT2100229,ST0006108,Hartford Auto Body,651 Windsor St,Hartford,06120,Hartford,(860) 895-6342,OBD Plus,U8018,hartfordautobodyllc@gmail.com,,Paul Gordon owner - alternative phone #s are           860-202-4752 and  860-547-1262,"9/12/24 - called to ck on the status of their install, 9/17/24 - Geoff to handle set up, contract signed   10/3 -DD went to deliver & train but was told they wanted to be a test center (app & contract he signed showed VIN/CERF only) Tablet was refused.  Deactivated contract for CTVIN8018.   ","They have work to do before the  station will meet test center program requirements  10/21 - DMV to meet DD 10/23 @ 10 am for a site evalutaion, will wait until site is approved before having them sign the test center contract  10/23 - DMV approved site 10/29 - set up in VID  10/31 - signed contract 11/13 - passed final ATP",
Y,3/4/2026,10',4/2/25,CT2100176,ST0006111,"Modern Tire OS, Inc",828 Boston Post Rd,Old Saybrook,06475,Middlesex,(860) 388-4403,Full Service,R8015,oldsaybrook@moderntirect.com,mtireinc@netscape.net,Bob Amenta - owner's cell 860-604-5700                       Joseph Fumara - Sta Mgr,9/23/24 - inquired via website  12/18/24 - DMV approved 2/17 - advised ok to get station ready for site visit 2/27/25 - signed contract,4/2/25 - passed final ATP and can begin testing,
Y,,,5/14/25,CT2100221,ST0006113,Meriden Motors,476 Colony St,Meriden,06451,New Haven,(475) 775-5040,OBD Plus,U9017,meridenmotorsllc@gmail.com,LFRODRIGUEZ1977@gmail.com,Frankie Rodriguez - owner                       (917) 715- 6924               Zachary Farrey - mgr                 (203) 910-9066,"11/1/23 - inquired via website, also interested in CERF, owns Car Guys Danbury, too"," 2/19/25 - Jack sent ""how to"" doc  3/4/25 - pics received 3/17/25 - DMV approved 3/20/25 - emailed inspector training info",5/13 - Opus completed install 5/14  - DMV ATP 10 am - Passed
Y,2/4/2026,,4/11/25,CT2100214,ST0006114,Wiz Leasing,505 Ferry Blvd,Stratford,06614,Fairfield,(203) 375-3800         ext 6006,OBD Plus,U8699,wizleasing@yahoo.com,Kyle@wizautos.com,Tom Thorndike - Sta Mgr Kyle Kushel - Controller,"7/31/23 - inquired via website, advised of previous application and no recent withdrawals in Statford.  They have 3 locations and are going to add Milford to the waiting list","12/12 - moving unit from ST6099 to another location 1/30/25 - DD advises work to be done at site   2/26/25 - DMV approved site, WCB when ready  4/8 - unit 2b installed tomorrow,  4/11/25 - passed final ATP and can begin testing",
Y,,,6/18/25,CT2100161,ST0006115,Midas Enfield,5 Palomba Drive,Enfield,06082,Hartford,(860) 265-8501,OBD Plus,R8058,midasofenfield@midasamg.com,,"Zack Veronneau, Svc Director","3/7/25 - application rec'd, advised to send the 5 picture required 3/19/25 - DD to take pics when onsite w/DMV"," 3/19/25 - DMV to visit Wed 3/26 around 11:30 am  3/26/25 - pics received - 4/21 - contract signed, site ready for unit install",6/18/25 - passed final ATP and can begin testing
Y - under served,3/9/2026,,5/9/25,CT2100024,ST0006116,Strain Family Motors,15 River Rd,Lisbon,06351,New London,(860) 886-1869,OBD Plus,,sales@strainfamilymotors.com,Strains07@gmail.com,Patrick Strain - owner,"12/9/24 - inquired via website and sent email stating they are anxious to participate, 12/13/24 - received pics and advised how to become CERF in interim","3/19/25 - DMV site visit scheduled for Wed, March 26 10 am, approved 5/6 - install complete 5/9 final ATP @10 am, all set",
Y,2/4/2026,,5/23/25,CT2100096,ST0006117,ACL LLC dba Mikes Auto Service,54 Pane Road,Newington,06111,Hartford,(860) 667-1426,OBD Plus,U9183,paulsautorepair@gmail.com; sarah@paulsautorepair.com,,Paul LeBlanc Jr. - owner,5/22 - received new owner DNR and ins info,,
Y,3/9/2026,,11/24/2025,CT2100189,ST0006118,Auto Hub,434 Colmen Street,New London,06320,New London,(860) 326-5484,Full Svc,U8811,autohubrs@gmail.com,,Usman Manzoor,"1/3/22 - called to ck on status, advised on waiting list, will notify when spot opens up in his area   1/27/22 - still interested   7/10/2024 - submitted app same as previous submssion","7/16/25 - site is new and clean, will install monitor and clean out bay  8/6/25 - DMV approved, sent training info 8/11/25 - contract signed  11/24/25 - passed final ATP",another test sta 1 mi away
Y,2/4/2026,,12/8/2025,CT2100119,ST0006119,Briarwood Automotive,2596 East Main St,Bridgeport,06610,Fairfield,(203) 333-9242,OBD Plus,R7624,briarwoodautomotives@yahoo.com,,Joel Colon,12/24/24 - inquired via website 8/27/25 - DMV approved site 9/30/25 - 2 inspectors certified 10/28/25 - unit delivered 12/8/25 - passed final ATP,,
Y,3/24/2026,,12/22/2025,CT2100217,ST0006120,Professional Tire  (Tire Pros LLC dba),20 Todd Rd,Shelton,06484,Fairfield,(203) 929-8471,Full Svc,R8078,professionaltire20@gmail.com,,Ediberto Maestre,4/17/25 - inquired via website,12/22/25 - passed final ATP,
Y,3/24/2026,,3/4/2026,CT2100174,ST0006121,Barros Motors LLC,134 Albion St,Bridgeport,06605,Fairfield,(203) 556-2352,OBD Plus,R7843,barrosmotors@gmail.com,dandandan2807@gmail.com,Daniel Barros,"8/9/22 - website inquiry, advised added to waiting list and will let them know when a spot becomes available",8/12/25 - pics provided and Opus site visit completed 8/27/25 - DMV approved,
Y,3/25/2026,,10/25/2025,CT2100168,ST0006122,Grand Prix Motors,90 Federal Rd,Danbury,06810,Fairfield,(203) 743-3737,Full Svc,U7725,gpmsales@comcast.net,,Marcos Gonalves - Sta Mgr," 6/3 - site emailed a request for an update as to where they stand, Jack to contact ",2/5/26 - passed final DMV ATP,
Y,,,11/14/2025,CT2100149,ST0006123,Angela's Auto Emporium,485 Ella Grasso Blvd,New Haven,06511,New Haven,(203) 684-3171,OBD Plus,U9207,angelasautoemporium@outlook.com,,Angela Garcia - owner,,,
Y,4/16/2026,,11/14/2025,CT2100006,ST0006124,Auto Lab (formerly Dougans),2260 State St,Hamden,06517,New Haven,(203) 891-6067,OBD Plus,R8100,autolabconnecticut@gmail.com,,George Obiora (cell) 317-824-0917,,,
Y,7/3/2026,"13' 6""",9/19/2025,CT2100141,ST0006125,VIP Tires & Service (formerly Tires Int'l),445 Oakland Street,Manchester,06042,Hartford,(860) 646-5600,Full Service,R8110,83storemanagement@vipauto.com,amaroon@vipauto.com,Ann Maroon,"9/19/25 - passed final ATP, ok to test",,
Y,2/4/2026,,10/28/2025,CT2100053,ST0006126,Strong's Alignment,195 Silver Lane  REAR,E Hartford,06118,Hartford,(860) 569-1440,Full Svc/CERF,U1072,strongsalignment78@gmail.com,,Maiker  Cedano - Manager       (cell) 860-610-8498,8/7/25 - app received and advised to send pics and how to become CERF,"10/22/25 - DMV approved site 10/27/25 - contract signed, training info provided 2/6/26 - passed final DMV ATP",
Y,2/4/2026,,1/9/2026,CT2100253,ST0006127,Litchfield County Marine Auto LLC,145 Flanders Rd,Bethlehem,06751,Litchfield,(860) 361-6349,OBD Plus,R8122,litchfieldcountymarine@gmail.com;  pj170170@gmail.com,,Patrick Zarrella (PJ) - owner/mgr,5/15/25 - U5946 advised moving June 1 5/22/25 - per DD site will work but remodel needs to be completed before DMV site visit can be scheduled,"5/22 - Opus approved site, unit has been picked up and is being stored at tech center 1/9/26 - passed final ATP",
Y,4/1/2026,,4/1/2026,CT2100088,ST0006129,P & C Repair LLC,64 N Main St,Thomaston,06787,Litchfield,(860) 601-0271,OBD Plus,R7423,pandcrepair@optimum.net,,Kelly Hayes,"12/17/25 - inquired via website, site visit to be done by year end",,
Y,4/21/2026,,4/22/2026,CT2100028,ST0006130,Prospect Foreign Auto,595 Prospect Ave,West Hartford,06105,Hartford,(860) 232-6132,OBD Plus,U9240,prospectforeignauto@gmail.com,,Marco Caruso - owner,"12/4/25 - app received w/new owner DNR, 2/18/26 - called for status update, 3/5/26 - to DMV for site visit/approval",3/11/26 - DMV approved site  4/21/26 - passed final ATP,
Y,6/16/2026 -sent email only not the form,,4/1/2026,CT2100104,ST0006131,VIP (formerly Lyons),1056 New Britain Ave,West Hartford,06110,Hartford,(860) 236-2593,OBD Plus,R8142,83storemanagement@vipauto.com,amaroon@vipauto.com,Ann Maroon,3/24/26 - DNR copy provided,,
Y,6/30/2026,,6/12/2026,CT2100067,ST0006132,B & M Services LLC,505 N Main St,Norwich,06360,New London,(860) 934-5980,OBD Plus,R7703,bmservice1688@gmail.com,,Angel & Luis Feliciano - mgr (860) 230-7946,"11/16/23 - inquired via website, NUMEROUS phone #s found on Google so not sure why, advised no openings at this time","8/5/25 - JP contacted  8/14/25 - pics forwarded to DD, 8/21 - BS did Opus site visit  4/1/26 - DMV approved",
Y,4/26/2026,,7/8/2026,CT2100019,ST0006133,Main St Auto Sales & Service  (also owns  6072),2027 Main St,Bridgeport,06604,Fairfield,(203) 807-6250,Full Svc,U9213,alexauto1905@gmail.com,,Muhammed Zulekfal,"8/1/23 - applied via website, advised we are at max capacity and will notify when spot becomes available  8/11/25 - new application submitted, has another location in the program","9/29/25 - pics received, eager to participate  4/10 - DMV approved, needs acct set up/signed contract",
Y,5/13/2026,,5/20/2026,CT2100014,ST0006134,Ameican Roadside Services Inc.,14 Cranbrook Rd,Enfield,06082,Enfield,(860) 741-6242,OBD Plus,R8147,arsautorepairct@gmail.com,,Jaspinder Singh,,,
Y,,,8/5/2026,CT2100110,ST0006135,McGee Toyota Putnam,88 Providence Tpke,Putnam,06260,Putnam,(508) 943-7474,OBD Plus,N2850,jwhite@mcgeecars.com,,Jimmy White - Manager                    (cell)  774-276-0122,4/1/25 - applied via website  8/5/25 - JP contacted 8/19/25 - pics received and approved for site visit,5/5/26 - inquired about joining the program  5/13/26 - DMV approved 8/5/26 - passed final ATP,
Y,6/25/2026,,7/22/2026,CT2100187,ST0006136,Meineke,665 Broad Street,New London,06320,New London,(860) 445-6743,OBD Plus,R7204,DWICK15490@AOL.COM,,Mark Winslow - owner,,,